{
    "omni_man_voice_line": {
    "sounds": [
     "player/omni_man_voice_line1",
     "player/omni_man_voice_line2",
     "player/omni_man_voice_line3"
    ],
    "category": "player"
    },
    "iceman_comic_flight": {
    "sounds": [
      "player/iceman_comic_flight"
    ],
    "category": "player"
    },
    "iceman_comic_blast_shoot": {
    "sounds": [
      "player/iceman_comic_blast_shoot"
    ],
    "category": "player"
    },
    "iceman_comic_blast_beam": {
    "sounds": [
      "player/iceman_comic_blast_beam"
    ],
    "category": "player"
    },
    "ghost_rider_speach": {
    "sounds": [
      "player/ghost_rider_speach"
    ],
    "category": "player"
    },
    "ghost_rider_teleport": {
    "sounds": [
      "player/ghost_rider_teleport"
    ],
    "category": "player"
    },
    "ghost_rider_bike_enable": {
    "sounds": [
      "player/ghost_rider_bike_enable"
    ],
    "category": "player"
    },
    "ghost_rider_bike_disable": {
    "sounds": [
      "player/ghost_rider_bike_disable"
    ],
    "category": "player"
    },
    "ghost_rider_bike_moving": {
    "sounds": [
      "player/ghost_rider_bike_moving"
    ],
    "category": "player"
    },
    "night_vision": {
    "sounds": [
     "player/night_vision"
    ],
    "category": "player"
    },
    "speedster_arm_vortex": {
    "sounds": [
     "player/speedster_arm_vortex"
    ],
    "category": "player"
    },
    "speedster_flash_vibration_on": {
    "sounds": [
     "player/speedster_flash_vibration_on"
    ],
    "category": "player"
    },
    "superhero_landing": {
    "sounds": [
     "player/superhero_landing"
    ],
    "category": "player"
    },
    "thunder_clap": {
    "sounds": [
     "player/thunder_clap"
    ],
    "category": "player"
    }
}